id,Drow,Common,Notes
1,'anon,flower,NULL
2,'anonen,flowers,NULL
3,'bgualyiz,correct,NULL
4,'bgualyizles,correction,NULL
5,'che,loved,NULL
6,'chev,beloved,NULL
7,'ranndi,wife,NULL
8,'sohna,again,NULL
9,'udtila,does,NULL
10,'zil,as,NULL
11,Anulo,sky,NULL
12,Eldalie,elven,NULL
13,Ul'Saruk,warlord,NULL
14,Zze'ill,werewolf,NULL
15,a'leai,rare,NULL
16,a'leaiil,rarity,NULL
17,a'ni,general,NULL
18,a'nshal'a,ambassador,NULL
19,a'quarth,commission,NULL
20,a'quarthus,commissioned,NULL
21,a'zil,consorts,NULL
22,a,at,NULL
23,a,by,NULL
24,aadk,shout,NULL
25,aadkat,shouting,NULL
26,abban,ally,NULL
27,abbanel,affiliation,NULL
28,abbanen,allies,NULL
29,abbanid,alliance,NULL
30,abbaniden,alliances,NULL
31,abbil'olplynir,borrow,NULL
32,abbil,comrad,NULL
33,abbil,comrade,NULL
34,abbil,friend,NULL
35,abbil,trusted friend,NULL
36,abbilen,friends,NULL
37,abil,trusted friend,NULL
38,abyl,testicle,NULL
39,acraba,mastery,NULL
40,acti'von,participate,NULL
41,aeros,air,NULL
42,afya,health,NULL
43,aglust,part,NULL
44,ahaluthh,glorious,NULL
45,air'oth,air,element
46,ajak,remember,NULL
47,ak'uech,forge,NULL
48,akai'zhar,forsaken,NULL
49,akana,ruling,NULL
50,akezhar,nemisis,NULL
51,akh,band,NULL
52,akh,group,NULL
53,al'doer,welcome,NULL
54,al'sanbone,alertness,NULL
55,al'vur,cow,NULL
56,al,well,NULL
57,alantha,midnight,NULL
58,aliss,invite,NULL
59,alissem,invitation,NULL
60,alkar,forfeit,NULL
61,alot dos,walking corpse,NULL
62,alti'ui,wing,NULL
63,alu,go,NULL
64,aluin,going,NULL
65,alur,better,NULL
66,alur,superior,NULL
67,alurl,best,NULL
68,alus,gone,NULL
69,alus,went,NULL
70,alust,facing,NULL
71,alust,front,NULL
72,alust,infront,NULL
73,aluve',I leave you,NULL
74,aluve',farewell,NULL
75,aluve',farewell,NULL
76,aluve,farewell,NULL
77,amankil,clergy,NULL
78,an'ar,dancer,NULL
79,an'kin,teacher,NULL
80,an'yui,answer,NULL
81,an'yuil,answers,NULL
82,andon,clock,NULL
83,angzuess,harrower,NULL
84,angzuessai,harrowers,NULL
85,ann'ish,appear,NULL
86,anth,ring,NULL
87,anulon,skies,NULL
88,anzzar,sigil,NULL
89,anzzarrim,sigils,NULL
90,ap'za,fate,NULL
91,ap'zen,luck,NULL
92,areion,through,NULL
93,arisa,stalker,NULL
94,arlathil,nature,NULL
95,arlyurl,breast,NULL
96,arlyurlen,breasts,NULL
97,arshes,thunder,NULL
98,asanque,as you wish,NULL
99,asanque,likewise,NULL
100,asanquel,as you wish,NULL
101,aske'th,asked,NULL
102,aslu,got,NULL
103,asse,eagle,NULL
104,aster,truth,NULL
105,astu,undone,NULL
106,astunin,undoing,NULL
107,astux,undo,NULL
108,atat,rib,NULL
109,atatal,ribs,NULL
110,aterruce,creature,NULL
111,athiyk,spirit,NULL
112,atsar,catch,NULL
113,atsarin,catching,NULL
114,atse,catches,NULL
115,atsus,caught,NULL
116,au,near,NULL
117,auflaque,dog,NULL
118,auflaque,jackle,NULL
119,auflaqui,dogs,NULL
120,autna,granddaughter,NULL
121,avariel,eternity,NULL
122,avelxune,spied,NULL
123,avuna,fury,NULL
124,awni,soup,NULL
125,awylir,unwary,NULL
126,axsa,damnable,NULL
127,azbahar'uss,supremacy,NULL
128,b'ahlach,beholder,NULL
129,b'luth'ol,arrow,NULL
130,b'luthel,bolt,NULL
131,b'luthyrr,bow,NULL
132,b'na shuir,diluito,NULL
133,b'varess,recall,NULL
134,b'vecko,strange,NULL
135,ba'uren,ankles,NULL
136,bahk'tess,dominate,NULL
137,bahk,dominant,NULL
138,bakha,manuer,NULL
139,barra,shadow,NULL
140,bashuk,honour,NULL
141,baur,ankle,NULL
142,baut'wael,student,NULL
143,bauth,about,NULL
144,bauth,around,NULL
145,bautha,dodge,NULL
146,bautha,to dodge,NULL
147,bein,busy,NULL
148,bekea,wise,NULL
149,bel'la'n,honoring,NULL
150,bel'la,honor,NULL
151,bel'la,thank,NULL
152,bel'la,to honor,NULL
153,bel'la,to thank,NULL
154,bel'laon,praising,NULL
155,bel'laton,thanking,NULL
156,belaern,profit,NULL
157,belaern,wealth,NULL
158,belasco,satan,NULL
159,belbau,give,NULL
160,belbau,to give,NULL
161,belbaue,gives,NULL
162,belbaun,giving,NULL
163,belbaunin,given,NULL
164,belbaus,gave,NULL
165,belbol,gift,NULL
166,beldraein,building,NULL
167,beldro,create,NULL
168,beldro,to create,NULL
169,belgareth,maze,NULL
170,belggir,braggart,NULL
171,bihurr,explain,NULL
172,bindo,bindo,NULL
173,bista,short,NULL
174,biu,an,NULL
175,blada,council,NULL
176,blyn,seven,NULL
177,blynar,seventh,NULL
178,blynol,several,NULL
179,bneir'pak,shoot,NULL
180,bol,item,NULL
181,boron,advantage,NULL
182,br'ornen,bask,NULL
183,bran,loud,NULL
184,brane',annoying,NULL
185,bri,covered,NULL
186,briz'esii,distinguish,NULL
187,bronretla,wonderful,NULL
188,brorn,surprise,NULL
189,brorn,wonder,NULL
190,brorna,suprises,NULL
191,brou'ka,pitiful,NULL
192,brou,pity,NULL
193,brouen,pities,NULL
194,bry,heel,NULL
195,brygn,heels,NULL
196,bryklyth,tangled,NULL
197,buat'leb,sphere,NULL
198,buki,bloody,NULL
199,bura'u,obtain,NULL
200,bura'ue,obtains,NULL
201,bura,obtained,NULL
202,bwael,good,NULL
203,byr,other,NULL
204,byrren,others,NULL
205,c'nros,witch,NULL
206,c'rintri,noble drow,NULL
207,c'rintrin,nobles,NULL
208,c'thlan,cope,NULL
209,cahallin,food,NULL
210,cahlev'dar,ophidian,NULL
211,cahlind,snake,NULL
212,cal'tuu,eaten,NULL
213,cal,eat,NULL
214,calestio,pleasing,NULL
215,calice,cower,NULL
216,caluss,eater,NULL
217,calussai,eaters,NULL
218,canakkzak,mentality,NULL
219,cas,gets,NULL
220,ceagrass,ale,NULL
221,cel'droth,brew,NULL
222,cha'kohk,curse,NULL
223,cha'kohkev,cursed,NULL
224,cha'ol,incense,NULL
225,chaer'el,armorer,NULL
226,chaon,business,NULL
227,char'riss,message,NULL
228,charnag,deep,NULL
229,charnaggen,depths,NULL
230,chath-palar,pyre,NULL
231,chath,fire,NULL
232,chath,flame,NULL
233,che'el,city,NULL
234,chi',betray,NULL
235,chi'dilok,fallen paladin,NULL
236,chi'qazz,effulgent,NULL
237,chi'us,betrayed,NULL
238,chiana,betrayal,NULL
239,chillala,underwear,NULL
240,chitt,stench,NULL
241,chkazzk,clashing,NULL
242,chu,comes,NULL
243,cie attle,intimidate,NULL
244,cielra,mysterious,NULL
245,ciiholtryui,godess,NULL
246,clau,dick,NULL
247,clete,dancer of,NULL
248,clor,rite,NULL
249,clorrh,rites,NULL
250,cluta,knuckle,NULL
251,clutan,knuckles,NULL
252,co'ce,cook,NULL
253,co'nbluth,non-drow,NULL
254,colbauth,known way,NULL
255,colnbluth,outsider,NULL
256,comson,crimson,NULL
257,conamori,comfort,NULL
258,contri,access,NULL
259,contrir,accessed,NULL
260,corl,bicep,NULL
261,corlae,biceps,NULL
262,cot'rhea,commence,NULL
263,crastia,apple,NULL
264,craz,brat,NULL
265,cress,web,NULL
266,cressen,webs,NULL
267,cretok,orc,NULL
268,cri'n,crying,NULL
269,crup,blame,NULL
270,crupen,blames,NULL
271,crupowl,blamed,NULL
272,cruprou,blaming,NULL
273,cryso,rose,NULL
274,crysos,roses,NULL
275,cth'ral,calico,NULL
276,cu'thezth,compared,NULL
277,cuass'ili,room,NULL
278,d',of,NULL
279,d'anthe,dear,NULL
280,d'aron,knight,NULL
281,d'feza,ode,NULL
282,d'issan,dawn,NULL
283,d'jal,all of you,NULL
284,d'lil,of the,NULL
285,d'nilok,paladin,NULL
286,d'ril,although,NULL
287,da'ramy,daydream,NULL
288,da're,arm,NULL
289,da'rex,arms,NULL
290,da'ur,leg,NULL
291,da'uren,legs,NULL
292,da'urzotreth,kick,NULL
293,dacrenah'crenah,kamehameha,NULL
294,daewl,wish,NULL
295,daewle,wishes,NULL
296,daewlin,wishing,NULL
297,daggar,keeshe,NULL
298,dajakk,fix,NULL
299,dajjin'sl,cunt,NULL
300,dal,from,NULL
301,dalda',from,NULL
302,dalhar,child,NULL
303,dalharen,children,NULL
304,dalharil,daughter,NULL
305,dalharil,daughter,NULL
306,dalharuk,son,NULL
307,dalharuk,son,NULL
308,dalninil,sister,NULL
309,dalninin,sisters,NULL
310,dalninuk,brother,NULL
311,dalzhind,history,NULL
312,darthien,elves,NULL
313,darthiir,fairies,NULL
314,darthiir,surface elf,NULL
315,darthiir,surface elves,NULL
316,darthiir,traitors,NULL
317,darthirii,elf,NULL
318,daur,leg,NULL
319,daxunyrr,savior,NULL
320,dazzan,race,NULL
321,de',of,NULL
322,deg'rabah,trespass,NULL
323,degahr,trouble,NULL
324,deis,dreams,NULL
325,deisenin,dreaming,NULL
326,dek'za,legion,NULL
327,del,of,NULL
328,della,told,NULL
329,delmah,home,NULL
330,delomaeth,obsession,NULL
331,derfi awni,chicken soup,NULL
332,derfi,chicken,NULL
333,dero'lyle,possession,NULL
334,derothel,implements,NULL
335,deshmal,bye,NULL
336,desu,often,NULL
337,detholar,choose,NULL
338,detholare,chooses,NULL
339,detholin,choosing,NULL
340,detholus,chose,NULL
341,detholusin,chosen,NULL
342,dhrakta,rapier,NULL
343,dhyn,mortal,NULL
344,dhynen,mortals,NULL
345,dispur,abjure,NULL
346,ditronw'urn,rightful,NULL
347,ditronw,right,NULL
348,do'bauth,to escape,NULL
349,do'bauthin,escaping,NULL
350,do'suul,outside,NULL
351,dobluth,outcast,NULL
352,dobluthan,outcasts,NULL
353,dobor,door,NULL
354,doboren,doors,NULL
355,doeb,out,NULL
356,doer,come,NULL
357,doera,become,NULL
358,doerrus,came,NULL
359,dofith,flee,NULL
360,dofithin,fleeing,NULL
361,dol'ruth,passing,NULL
362,dormagyn,save,NULL
363,dorn,i'll,NULL
364,dorthan,aids,NULL
365,dortho,aid,NULL
366,dos,you,NULL
367,dos'misun,misjudge,NULL
368,dosib,fucking,NULL
369,dosman,gentle,NULL
370,dosst,your,NULL
371,dossta,yours,NULL
372,dosstan,yourself,NULL
373,dothka,drider,NULL
374,dothkarn,driders,NULL
375,draa,two,NULL
376,draakarliik,ettin,NULL
377,drada,second,NULL
378,draeval p'los,past,NULL
379,draeval,time,NULL
380,draevalen,times,NULL
381,dragazhar,underdark bat,NULL
382,draix,center,NULL
383,drasv,year,NULL
384,drasven,years,NULL
385,draszith,twenty,NULL
386,draszithar,twentieth,NULL
387,drathir,moon,NULL
388,dregzt,drag,NULL
389,drejan,frost,NULL
390,drelber ulm,umber hulk,NULL
391,drewst,remove,NULL
392,drider,half-spider,NULL
393,drider,half-drow,NULL
394,drin,reasons,NULL
395,drital,drink,NULL
396,dritalk,drinks,NULL
397,drizlah,tall,NULL
398,drizlahrit,taller,NULL
399,dro'us,lived,NULL
400,dro'xun,survive,NULL
401,dro'xundus,survival,NULL
402,dro'xunen,survives,NULL
403,dro'xunou,surviving,NULL
404,dro'xunus,survived,NULL
405,dro,alive,NULL
406,dro,life,NULL
407,dro,live,NULL
408,drokk,fist,NULL
409,drolnar,assasin,NULL
410,drostan,metal,NULL
411,dryss'ho,gather,NULL
412,du'ased,blessed,NULL
413,du'nherz,casually,NULL
414,duanda,mistake,NULL
415,dubo,hard,NULL
416,duergan,dwarves,NULL
417,duergar,deep dwarf,NULL
418,duk'tak,executioner,NULL
419,dumo,bless,NULL
420,dumoas,blessing,NULL
421,duranfeh,conviction,NULL
422,duranfehen,convictions,NULL
423,dus'kin,devious,NULL
424,dusqup,doomed,NULL
425,duucald,combat,NULL
426,duul'sso,free,NULL
427,dwalc,lonely,NULL
428,dyne,perfection,NULL
429,dyunhk,likes,NULL
430,e'spdon,archmage,NULL
431,e'trit,filth,NULL
432,e'ussus,stoke,NULL
433,eairthil,grounds,NULL
434,eairthin,ground,NULL
435,echk,hi,NULL
436,edonil,twilight,NULL
437,eemsorr,awesome,NULL
438,eeoctsl,coolest,NULL
439,ehmtau,owns,NULL
440,ehmtrud,owned,NULL
441,ehmtu,own,NULL
442,ehmtu,posses,NULL
443,ehmtua,owner,NULL
444,eit'jae,implore,NULL
445,el'inssrigg,inn,NULL
446,el'inssring,tavern,NULL
447,el'lar,non-noble house,NULL
448,el,die,NULL
449,elakar,thy,NULL
450,elam'aph,devoted,NULL
451,elamshin,destiny,NULL
452,elamshin,the will of lloth,NULL
453,elamshinae,favor,NULL
454,elamshinae,grace,NULL
455,elar,dies,NULL
456,eld'chalok,poisonous,NULL
457,ele,why,NULL
458,elemmiire,star,NULL
459,elend,traditional,NULL
460,elend,usual,NULL
461,elendar,continue,NULL
462,elendar,endure,NULL
463,elendarin,continuing,NULL
464,elg'belbau,cruse,NULL
465,elg'cahal,to poison,NULL
466,elg'cahl,poison,NULL
467,elg'car,complain,NULL
468,elg'car,whine,NULL
469,elg'caress,bitch,NULL
470,elg'caress,hag,NULL
471,elg'carin,complaining,NULL
472,elg'carin,whining,NULL
473,elg'hasek,ranger,NULL
474,elge,destruction,NULL
475,elgg,destroy,NULL
476,elgg,kill,NULL
477,elgg,slay,NULL
478,elggat,destroyed,NULL
479,elggen,killed,NULL
480,elggin,killing,NULL
481,elggor,dying,NULL
482,elggur,killer,NULL
483,elghinyrr'fearn,lich,NULL
484,elghinyrr,dead,NULL
485,elghinyrrok,deadly,NULL
486,elghkhel,skeleton,NULL
487,elghkhellen,skeletons,NULL
488,elghliik,skull,NULL
489,elghliiken,skulls,NULL
490,elgluth,scourge,NULL
491,elgluth,whip,NULL
492,elrie,crush,NULL
493,els'qatyu,arbiter,NULL
494,els'qatyu,arbitrator,NULL
495,eluith'orth,faith,NULL
496,emp'poss,job,NULL
497,emplaniilid,fulfilled,NULL
498,emptrem,jasmine,NULL
499,endar,different,NULL
500,enrot,enslave,NULL
501,enrothe,enslaved,NULL
502,entarer,ornament,NULL
503,equidai,skill,NULL
504,er'griff,only,NULL
505,erg'les,question,NULL
506,erkd'fe,study,NULL
507,erl'elee,embrace,NULL
508,eroln,orcs,NULL
509,errdegahr,demon,NULL
510,errgan,mostly,NULL
511,erth'netora,summer,NULL
512,erthe,winter,NULL
513,esaph,alike,NULL
514,eszak,worry,NULL
515,et'zarreth,arse,NULL
516,euol,gem,NULL
517,evagna,forgive,NULL
518,evven'to,rape,NULL
519,ezsakil,worried,NULL
520,ezual,saying,NULL
521,f'sarn,i'm,NULL
522,fa'la zatoast,bastard,NULL
523,faer'atca,magical attack,NULL
524,faer,magic,NULL
525,faerbol,magic item,NULL
526,faerl,magical,NULL
527,faern,wizard,NULL
528,faernen,wizards,NULL
529,faerz'ol,spellbook,NULL
530,faerz'ress,magical strength,NULL
531,faerz'un'arr,seeress,NULL
532,faerz'undus,magic spell,NULL
533,fahliell,warlock,NULL
534,falann,spring,NULL
535,falanni,stream,NULL
536,falduna,praise,NULL
537,faldunan,praises,NULL
538,falma,wave,NULL
539,falmar,waves,NULL
540,farjali,precious,NULL
541,fashka,force,NULL
542,fay'laph,savor,NULL
543,feher,puppy,NULL
544,feheri,puppies,NULL
545,feir,far,NULL
546,feithin,waiting,NULL
547,felah,further,NULL
548,fergin,pussy,NULL
549,feryxonis,underground,NULL
550,fetear,blazing fire,NULL
551,fielthal,contribution,NULL
552,fin'rai,harvestor,NULL
553,fjolla'danne,incompetence,NULL
554,flamgra'in,burning,NULL
555,flamgra,burn,NULL
556,flasmix,energy,NULL
557,flatu'lar,fart,NULL
558,fle'nruid,limit,NULL
559,floh'l,follower,NULL
560,flohlu,follow,NULL
561,fol,some,NULL
562,folbol,something,NULL
563,foldraeval,sometime,NULL
564,foldraevals,sometimes,NULL
565,folggash,friendship,NULL
566,folkhel,somebody,NULL
567,folt,such,NULL
568,foluss,someone,NULL
569,fotus,forth,NULL
570,fre'sla,stand,NULL
571,fridish,salute,NULL
572,fridj,just,NULL
573,frin'kla,overload,NULL
574,fris,sent,NULL
575,frustration,rebanouim,NULL
576,fuer'yon,beast,NULL
577,fuma,family,NULL
578,g'jahall,defeat,NULL
579,g'rftte,thanks,NULL
580,g'waeklyth,entangled,NULL
581,g'yutri,outsmart,NULL
582,gaalsh'li,secular,NULL
583,gaer,there,NULL
584,gajak,later,NULL
585,gajen,late,NULL
586,galla,trying,NULL
587,gar'ven,pleasant,NULL
588,gareth,strong,NULL
589,garr,gargoyle,NULL
590,genialaa,lifts,NULL
591,ghefna,quickest,NULL
592,ghil,here,NULL
593,gi'shal,squish,NULL
594,gi,oh,NULL
595,gil'ssrigghinn,anyway,NULL
596,glenn,soldier,NULL
597,glin'seir,hooking,NULL
598,glin,hook,NULL
599,glinoth,hooked,NULL
600,gluesa,cheese,NULL
601,go'h,pig,NULL
602,go'hi,pigs,NULL
603,gol'ssinss,goblin lover,NULL
604,gol,goblin,NULL
605,golhyrr,ruse,NULL
606,golhyrr,trap,NULL
607,golhyrr,trick,NULL
608,goln,goblins,NULL
609,gordo,whole,NULL
610,goros,till,NULL
611,gos,goes,NULL
612,gotfrer,forget,NULL
613,gow,oder,NULL
614,gow,smell,NULL
615,gragg'reth,violation,NULL
616,gragg,violate,NULL
617,gre'as'anto,peace,NULL
618,grentza,oral,NULL
619,groova,trip,NULL
620,growg,pincer,NULL
621,growgeg,pincers,NULL
622,grt,wit,NULL
623,gu'e,hey,NULL
624,gukluth,seemed,NULL
625,gul,ghost,NULL
626,gultah,offer,NULL
627,gumash,could,NULL
628,gurrouh,yuck,NULL
629,guta,hug,NULL
630,guu'lac,doubt,NULL
631,guuan,wake,NULL
632,guy'ya,bear,NULL
633,gyolaen,oppose,NULL
634,gyot,pose,NULL
635,h'ralenk,poke,NULL
636,h'ros,can't,NULL
637,h'sievss,prophecies,NULL
638,h'sievssrig,prophecy,NULL
639,h'sievssruk,prophecied,NULL
640,h'uena,once,NULL
641,ha'ishe,sucks,NULL
642,ha'uren,thighs,NULL
643,hacral,hobbit,NULL
644,halisstrad,mystery,NULL
645,halrathn,saber,NULL
646,halt,thick,NULL
647,har'dro,earth,NULL
648,har'luth,conquer,NULL
649,har'ol,cave,NULL
650,har'ol,cavern,NULL
651,har'olen,caverns,NULL
652,har'oloth,the underdark,NULL
653,har'oloth,underdark,NULL
654,har,ear,NULL
655,haranth,earring,NULL
656,hargluk,dwarf,NULL
657,harglukkin,dwarves,NULL
658,harl'il'cik,kneel,NULL
659,harl,below,NULL
660,harl,down,NULL
661,harl,under,NULL
662,harlil,bottom,NULL
663,harlor,stony,NULL
664,haruk,doom,NULL
665,harventh,cut,NULL
666,harventh,sever,NULL
667,harventhe,severs,NULL
668,harventhel,cutting,NULL
669,harventhus,severed,NULL
670,has'tras,monkey,NULL
671,haska,talking,NULL
672,hass'l,mean,NULL
673,hasstn,angry,NULL
674,haszak,illithid,NULL
675,haszak,illithid,NULL
676,haszakkin,illithids,NULL
677,haur,thigh,NULL
678,hawressae,insolence,NULL
679,hawrest,insolent,NULL
680,heen,course,NULL
681,heeth,shape,NULL
682,heethir'ku,shapeshifter,NULL
683,hekbal,riptide,NULL
684,henotep,almost,NULL
685,her'op,lollipop,NULL
686,her'tan,guild,NULL
687,heru'nga,support,NULL
688,hes'thar,laughs,NULL
689,hiever,prophet,NULL
690,hiran,giant,NULL
691,ho'tuc,happening,NULL
692,hojh,fail,NULL
693,hojj,fails,NULL
694,hojjau,failed,NULL
695,hojjl,failing,NULL
696,hong'anto,tranquility,NULL
697,honglath,bravery,NULL
698,honglath,calm,NULL
699,houj,failure,NULL
700,huela,five,NULL
701,huelar,fifth,NULL
702,hueszith,fifty,NULL
703,hueszithar,fiftieth,NULL
704,huk'treemal,fearfully,NULL
705,huk'treemma,fearful,NULL
706,hull'phir,prefer,NULL
707,huthin,next,NULL
708,hwesta,breeze,NULL
709,hwuen,until,NULL
710,hyrr,item,NULL
711,i'dol,way,NULL
712,i'dollen,ways,NULL
713,i'nik,sand,NULL
714,i'sav,foundation,NULL
715,i'ssuri,mom,NULL
716,ib'ahalii,glory,NULL
717,ib'leua,humble,NULL
718,ibhurral,explained,NULL
719,ibihurr,explains,NULL
720,iblith,excrement,NULL
721,ichl,too,NULL
722,iglata,promise,NULL
723,iglatan,promises,NULL
724,iishry'dur,torcy,NULL
725,iiyola,treasure,NULL
726,ikal'daka,wolves,NULL
727,ikkask,telling,NULL
728,il'kahtical,imbecile,NULL
729,il'neathe,freaks,NULL
730,il'tess,awaits,NULL
731,il'yandrosa,treachery,NULL
732,il'yivera,attractive,NULL
733,il,she,NULL
734,ilhar,mother,NULL
735,ilhar,to mother,NULL
736,ilharess,matron,NULL
737,ilharessn,matrons,NULL
738,ilharn,father,NULL
739,ilharn,patron,NULL
740,ilhars,mothers,NULL
741,ilhyrr'g,explanations,NULL
742,ilhyrr,explanation,NULL
743,ilindith,aim,NULL
744,ilindith,goal,NULL
745,ilinsar,amulet,NULL
746,ilinsar,medalion,NULL
747,ilinsar,medalyn,NULL
748,ilinsar,pendent,NULL
749,ilkalik,halt,NULL
750,illing,bone,NULL
751,illistic,fragile,NULL
752,illithid,mind flayer,NULL
753,illithor,eternal servant,NULL
754,illyiff,beam,NULL
755,ilniatu,club,NULL
756,ilninuk,uncle,NULL
757,ilquanthafer,fulfillment,NULL
758,ilro'e,exactly,NULL
759,ilstar,rule,NULL
760,ilt,hers,NULL
761,ilta,her,NULL
762,iltan,herself,NULL
763,ilthy'eo,equal,NULL
764,ilythiiri,drow,NULL
765,ilythiirra,drowish,NULL
766,in'loil,piece,NULL
767,in'loilfrey,shard,NULL
768,in'tuil,amount,NULL
769,inalarn,impatient,NULL
770,inbal,have,NULL
771,inbalus,had,NULL
772,inbau,get,NULL
773,indar,similar,NULL
774,indarae,opposite,NULL
775,inhirt,afore,NULL
776,inlul'cal,olive,NULL
777,inlul'quar,imp,NULL
778,inlul,small,NULL
779,insaha,poking,NULL
780,inth,plan,NULL
781,inth,scheme,NULL
782,inth,stratagem,NULL
783,inthel'og,rebellious,NULL
784,inthen,schemes,NULL
785,inthigg,agreement,NULL
786,inthuul,cold,NULL
787,intooth,dragoon,NULL
788,inzormit,generation,NULL
789,iqualment,simultaneous,NULL
790,irr'jahk,reality,NULL
791,ishrass'ur,tolerant,NULL
792,isilme,moonlight,NULL
793,isintol,interest,NULL
794,issluilling,collarbones,NULL
795,ist'a,vain,NULL
796,isto,night,NULL
797,istolla,nightfall,NULL
798,it'x,items,NULL
799,ivress,fingers,NULL
800,iz',as,NULL
801,izil,able,NULL
802,izil,as,NULL
803,izilt,appreciate,NULL
804,izilted,appreciated,NULL
805,izin,allow,NULL
806,izwin,known,NULL
807,izznarg,large,NULL
808,j'nesst,woman,NULL
809,ja'hai'n,accepting,NULL
810,ja'haie,accepts,NULL
811,ja'hai-na,accepted,NULL
812,ja'hai,accept,NULL
813,jabar,treacherous,NULL
814,jabbress,mistress,NULL
815,jabbuk,master,NULL
816,jabplynn,error,NULL
817,jaed,ignorant,NULL
818,jak'li,elite,NULL
819,jakluth,seeming,NULL
820,jal'klar,anywhere,NULL
821,jal'yur,already,NULL
822,jal,all,NULL
823,jala,any,NULL
824,jalbol,anything,NULL
825,jalbyr,another,NULL
826,jalil'vedir,mounted fighter,NULL
827,jalil,female,NULL
828,jalilen,females,NULL
829,jalkhel,anybody,NULL
830,jallasat,tolerate,NULL
831,jallil,lady,NULL
832,jaluk,male,NULL
833,jalukul,males,NULL
834,jaluss,anyone,NULL
835,jas,top,NULL
836,jatha'la,big,NULL
837,jejik,maw,NULL
838,jess,fang,NULL
839,jesshc,fangs,NULL
840,jhal,but,NULL
841,jhinrae,wine,NULL
842,jhun,rune,NULL
843,jhunai,runes,NULL
844,ji,so,NULL
845,jiala'in,laughing,NULL
846,jiala,laugh,NULL
847,jihard,stick,NULL
848,jiku,rend,NULL
849,jil,jade,NULL
850,jilorbb,jade spider,NULL
851,jimkal,loser,NULL
852,jindurn,face,NULL
853,jinique,property,NULL
854,jiniquiln,properties,NULL
855,jiole,cool,NULL
856,jiv'elgan,torturer,NULL
857,jiv'elgg,tortue,NULL
858,jiv'elgg,torture,NULL
859,jiv'undus,pain,NULL
860,jivvenn,plays,NULL
861,jivviim,harm,NULL
862,jivviim,hurt,NULL
863,jivviimil,hurted,NULL
864,jivvin,amusing,NULL
865,jivvin,fun,NULL
866,jivvin,play,NULL
867,jivvuln,played,NULL
868,jivvust,playing,NULL
869,jlha'zen,gnome,NULL
870,jor,rat,NULL
871,jora,rats,NULL
872,joros,ask,NULL
873,jorosin,asking,NULL
874,jous,show,NULL
875,jresh,scatter,NULL
876,juba,total,NULL
877,jugare,ok,NULL
878,jusith,flask,NULL
879,jusron,wrath,NULL
880,jusst,questionable fact,NULL
881,jyzumar,space,NULL
882,k'lar,location,NULL
883,k'lar,place,NULL
884,k'rena,korina,NULL
885,ka'lith,mercy,NULL
886,ka,if,NULL
887,kaas,name,NULL
888,kaaseel,names,NULL
889,kahzet,accord,NULL
890,kal'daka,wolf,NULL
891,kaliath',merciful,NULL
892,kalyar,illuminate,NULL
893,kalye,illuminates,NULL
894,kalyin,illuminating,NULL
895,kalyza,illumination,NULL
896,kampi'un,understand,NULL
897,kampi'unus,understood,NULL
898,kanarvan,longsword,NULL
899,kaoveh,cousin,NULL
900,karilth,purity,NULL
901,karliik,head,NULL
902,karliiken,heads,NULL
903,karoth,slaver,NULL
904,karral,swirl,NULL
905,kat,didn't,NULL
906,katrill,slaughter,NULL
907,kavakna,sorrys,NULL
908,kaztirth,cries,NULL
909,ke'brei,breaker,NULL
910,ke'hl'ash,bounty,NULL
911,ke,indeed,NULL
912,keer,taught,NULL
913,keeshe,dagger,NULL
914,keffal,seen,NULL
915,kel'nar,dad,NULL
916,kel'tahk,invincible,NULL
917,kelia,bored,NULL
918,kelliat,daggar,NULL
919,kenoth,fake,NULL
920,kerath,carnage,NULL
921,kerol,oger,NULL
922,kestal,hope,NULL
923,kev,drop,NULL
924,kghret,pleasent,NULL
925,khal'abbil,my trusted friend,NULL
926,khal,to trust,NULL
927,khal,to trust,NULL
928,khaless,trust,NULL
929,khalessev,trusted,NULL
930,khaliizi,stone,NULL
931,khalith,courage,NULL
932,khazid'hea,cutter,NULL
933,khel,body,NULL
934,khlurysten,judgement,NULL
935,khowz,slob,NULL
936,khr'uss,certainly,NULL
937,khruste,certain,NULL
938,khurzoan,worthier,NULL
939,khurzon,worthy,NULL
940,khurzuil,worthiest,NULL
941,khyrpua,harmful,NULL
942,kiel,slow,NULL
943,kikkamm,sickle,NULL
944,killian,sword,NULL
945,killianen,swords,NULL
946,kissa,swiftly,NULL
947,kitrye,half,NULL
948,kivvil,surfacer,NULL
949,kke,rude,NULL
950,kku,finish,NULL
951,kkublyn'tan,weekend,NULL
952,kkuuth,finished,NULL
953,kl'ae,use,NULL
954,kl'aein,using,NULL
955,kl'eril,useless,NULL
956,kla'ath,serve,NULL
957,kleel,important,NULL
958,klew'ar,moment,NULL
959,klew'kin,hour,NULL
960,klew'nor,minute,NULL
961,klez,thing,NULL
962,klezn,things,NULL
963,klithophe,tangling,NULL
964,klu'chud,spawn,NULL
965,kluchud'ssussun,color,NULL
966,kluth,seem,NULL
967,kluthak,seems,NULL
968,klyth,tangle,NULL
969,klythmaril,entangling,NULL
970,knif'rt,glowing,NULL
971,knif,glow,NULL
972,ko,uh,NULL
973,kor'in,furry,NULL
974,kor'inth,rage,NULL
975,kor,anger,NULL
976,korishi,knock,NULL
977,korriless,vaguely,NULL
978,korrle,vague,NULL
979,kostith,holding,NULL
980,kr'athin,ready,NULL
981,kraltok,taco,NULL
982,kre'j,begin,NULL
983,kre'jil,begining,NULL
984,kre'tan,morning,NULL
985,kreth'el,regret,NULL
986,kreth'el,repent,NULL
987,kri'sha,cover,NULL
988,krik'vlicss,tears,NULL
989,krithyj,murderess,NULL
990,krrja,puzzle,NULL
991,krrjat,puzzled,NULL
992,kruk,state,NULL
993,kry'stona,place of caves,NULL
994,ktonos,slayer,NULL
995,ktonos,slayer,NULL
996,ku'lam,rise,NULL
997,ku'nal,faithful,NULL
998,kuk,staff,NULL
999,kul'gobsula,prison,NULL
1000,kul'gobuss,prisoner,NULL
1001,kulauk,drool,NULL
1002,kulg,blockage,NULL
1003,kulg,snag,NULL
1004,kulggen,barrier,NULL
1005,kulggen,shield,NULL
1006,kult'ressin,ruler,NULL
1007,kultar,rules,NULL
1008,kuma,kobold,NULL
1009,kus,send,NULL
1010,kuttra,mushroom,NULL
1011,kuuv,dare,NULL
1012,ky'ostal,armor,NULL
1013,ky'ov'aer,magic wards,NULL
1014,kyikh,age,NULL
1015,kyil,dart,NULL
1016,kyilen,darts,NULL
1017,kylara,lethal,NULL
1018,kyon,care,NULL
1019,kyona,carefulness,NULL
1020,kyone,alert,NULL
1021,kyone,alertly,NULL
1022,kyone,careful,NULL
1023,kyorl'n,witnesses,NULL
1024,kyorl'urn,watchful,NULL
1025,kyorl,guard,NULL
1026,kyorl,guard,NULL
1027,kyorl,see,NULL
1028,kyorl,wait,NULL
1029,kyorl,watch,NULL
1030,kyorlen,watchers,NULL
1031,kyorli,watcher,NULL
1032,kyorlin,watching,NULL
1033,kyreshorl,obvious,NULL
1034,kyuvr,breed,NULL
1035,kyuvrem,breeding,NULL
1036,l',the,NULL
1037,l'amith,enjoy,NULL
1038,l'elamshin,the destiny,NULL
1039,l'elend,the traditional,NULL
1040,l'essnil,wench,NULL
1041,l'inya,gaze,NULL
1042,l'lonna,wither,NULL
1043,l'lonneal,withered,NULL
1044,l'puul,foul,NULL
1045,l'sith,address,NULL
1046,l'thi,animal,NULL
1047,l'yathtallar,the high priestess,NULL
1048,la'uren,knees,NULL
1049,lac'na,seeks,NULL
1050,lac'nala,seeker,NULL
1051,lac'nou,seeking,NULL
1052,lac,seek,NULL
1053,ladir,ladder,NULL
1054,lael,eight,NULL
1055,laelar,eighth,NULL
1056,lamin,shines,NULL
1057,lani,keeper,NULL
1058,lanke,lake,NULL
1059,laoles,praised,NULL
1060,lar'aen,summoning,NULL
1061,lar,call,NULL
1062,lar,summon,NULL
1063,larnde,lavender,NULL
1064,lasse,leaf,NULL
1065,lassen,leaves,NULL
1066,lassrinn,break,NULL
1067,lassrinn,tame,NULL
1068,lassrinnb,tamed,NULL
1069,lassrinneh,taming,NULL
1070,lassrinnuss,tamer,NULL
1071,laur,knee,NULL
1072,lauske,hair,NULL
1073,leith,fish,NULL
1074,lentan,smirk,NULL
1075,lerg,baby,NULL
1076,lerut'l,coal,NULL
1077,less,mzuld,NULL
1078,lest,lets,NULL
1079,leza,bit,NULL
1080,lgor,figure,NULL
1081,lgoruth,figured,NULL
1082,ligrr,girl,NULL
1083,ligrrabbil,girlfriend,NULL
1084,liiko,wax,NULL
1085,lil'alure,dance,NULL
1086,lil,the,NULL
1087,lilbh'iahin,joy,NULL
1088,linath,song,NULL
1089,linathen,songs,NULL
1090,lince'sa,pet,NULL
1091,linddil,lizardman,NULL
1092,lindua,sings,NULL
1093,linoin,west,NULL
1094,lintaguth,platter,NULL
1095,linth'el,cauldron,NULL
1096,linthar,bard,NULL
1097,lintharen,bards,NULL
1098,linthel,melody,NULL
1099,linthelea,melodious,NULL
1100,linthelen,melodies,NULL
1101,linthre,brazier,NULL
1102,lish,super,NULL
1103,lishcalillisticandroz,supercalifragilisticexpallidoc,NULL
1104,lisse',harmony,NULL
1105,lisse'lea,harmonious,NULL
1106,lith'lossta,intimate,NULL
1107,llaar,really,NULL
1108,llanath,presence,NULL
1109,llar,three,NULL
1110,llarh,babe,NULL
1111,llarl,adamantine,NULL
1112,llarnbuss,third,NULL
1113,lle'isgar,rising,NULL
1114,lle'warin,miss,NULL
1115,lle'warinil,missed,NULL
1116,llentol,quietly,NULL
1117,llieh,perfect,NULL
1118,llinshin,lunch,NULL
1119,lloun'az,artist,NULL
1120,lloun,art,NULL
1121,lodias,people,NULL
1122,loff'ta,happy,NULL
1123,loff'tarien,happiness,NULL
1124,loktriam,guy,NULL
1125,loniar,wet,NULL
1126,lor',oxygen,NULL
1127,lor,look,NULL
1128,loril,looked,NULL
1129,lorith,looking,NULL
1130,lorr,air,NULL
1131,lorug,tree,NULL
1132,lorugen,trees,NULL
1133,lorulm,wood,NULL
1134,losva,thumb,NULL
1135,losval,thumbs,NULL
1136,lotha,little,NULL
1137,lsyt,sly,NULL
1138,lu',and,NULL
1139,lu'oh,how,NULL
1140,luent,east,NULL
1141,lueth,and,NULL
1142,lukkil,ratman,NULL
1143,luth'ol,javelin,NULL
1144,luth'ol,spear,NULL
1145,luth,cast,NULL
1146,luth,hurl,NULL
1147,luth,throw,NULL
1148,luthe,casts,NULL
1149,luthk,thrown,NULL
1150,luthtar,gladly,NULL
1151,m'elzar,mage,NULL
1152,m'elzaren,mages,NULL
1153,m'ranndii,husband,NULL
1154,m'ranndii,mate,NULL
1155,m'sig,music,NULL
1156,m'thain,priest,NULL
1157,maav'at,ignorance,NULL
1158,madari,signal,NULL
1159,maelthra,dragon,young
1160,maglust,alone,NULL
1161,maglust,apart,NULL
1162,magthere,school,NULL
1163,magtheres,schools,NULL
1164,mal'ai,idiot,NULL
1165,mal'rak,forever,NULL
1166,mal,fights,NULL
1167,mala,manners,NULL
1168,malar,fight,NULL
1169,malarin,fighting,NULL
1170,malaruth,fought,NULL
1171,maligore,crafty,NULL
1172,malla,honored,NULL
1173,mamulen,chest,NULL
1174,manner,valor,NULL
1175,mapat'drachim,map,NULL
1176,maral,storm,NULL
1177,marala,storms,NULL
1178,maristo,tonight,NULL
1179,marofke,bell,NULL
1180,matonist infal din,clear the area,NULL
1181,maunech,burden,NULL
1182,maurna,boat,NULL
1183,may'salkiriiss,nightshadow,NULL
1184,mayar,chance,NULL
1185,mayoe,maybe,NULL
1186,mechrola,swallow,NULL
1187,medose,harder,NULL
1188,medri,death bringer,NULL
1189,melaer,fight w/ magic,NULL
1190,melee,fight w/ weapons,NULL
1191,mem,stomach,NULL
1192,menah,wide,NULL
1193,menvis,path,NULL
1194,menvissen,paths,NULL
1195,micamer,ma'am,NULL
1196,mii'n,means,NULL
1197,mina,them,NULL
1198,mir'cahallin,jar,NULL
1199,mir't,pulled,NULL
1200,mir,hold,NULL
1201,mir,to hold,NULL
1202,mirshann,angel,NULL
1203,mith,grey,NULL
1204,mithuth,sin,NULL
1205,miulk'ars,minions,NULL
1206,ml'aen,sight,NULL
1207,molerngoth,dragonclaw,NULL
1208,molo,wraith,NULL
1209,mon'tu,point,NULL
1210,mora,act,NULL
1211,morad,action,NULL
1212,morfel,made,NULL
1213,morfelith,making,NULL
1214,morfeth,make,NULL
1215,morn'lo,heat,NULL
1216,mortath,maker,NULL
1217,mrannd'ssinss,lover,male
1218,mri'kul,lock,NULL
1219,mri'kul,to lock,NULL
1220,mrigg,guide,NULL
1221,mrigg,inspire,NULL
1222,mrigg,to guide,NULL
1223,mrigg,to inspire,NULL
1224,mriggan,guidance,NULL
1225,mrim'ol,key,NULL
1226,mrimm d'ssinss,male lover,NULL
1227,mrimmd'ssinss,lover,female
1228,mru'nga,encourage,NULL
1229,mru'ngae,encourages,NULL
1230,mru'ngain,encouraging,NULL
1231,mua,foe,NULL
1232,muatrix,matrix,NULL
1233,mufiga,yesterday,NULL
1234,mufo,tomorrow,NULL
1235,mumbaro,move,NULL
1236,murrpau,cat,NULL
1237,murrpau,feline,NULL
1238,muse,soulaf,NULL
1239,muth,found,NULL
1240,myar,bad,NULL
1241,mylthar,devour,NULL
1242,myrloch,astral,NULL
1243,myrlochar,soul spider,NULL
1244,myrxle,miracle,NULL
1245,mzil,many,NULL
1246,mzild,more,NULL
1247,mziln,additional,NULL
1248,mziln,also,NULL
1249,mziln,extra,NULL
1250,mzilst,most,NULL
1251,mzilt,much,NULL
1252,mzulst,least,NULL
1253,n'abyl,testicles,NULL
1254,n'belaern,debt,NULL
1255,n'kyorl,await,NULL
1256,n'kyorlin,awaiting,NULL
1257,n'tol,vicious,NULL
1258,na'ceroth,barbarian,NULL
1259,na'eroth,trembling,NULL
1260,na'rescho,uneasy,NULL
1261,na'uren,hips,NULL
1262,naak'e,jealous,NULL
1263,nacta,pierce,NULL
1264,nadorhuan,coward,NULL
1265,nalt'chaxxan,murderous,NULL
1266,naqualla,displease,NULL
1267,nar'harcan,vendetta,NULL
1268,nar'hethi,vengence,NULL
1269,narikia,nymph,NULL
1270,narkuth,scroll,NULL
1271,narrakan,shy,NULL
1272,nat'raeth,connected,NULL
1273,natha,a,NULL
1274,nau'shind,forbid,NULL
1275,nau'shindcal,fruit,NULL
1276,nau'shindin,forbidding,NULL
1277,nau,no,NULL
1278,naubol,nothing,NULL
1279,naucrup,blameless,NULL
1280,naudal,across,NULL
1281,naukhel,nobody,NULL
1282,nauphlyle,claimless,NULL
1283,nauqu'allath,displeased,NULL
1284,nauqualla,displease,NULL
1285,naur,hip,NULL
1286,nauritz,valueless,NULL
1287,nausbyr,neither,NULL
1288,nausrigg'tul,displeasure,NULL
1289,naust,none,NULL
1290,naut'kyn,blind,NULL
1291,naut'shinder,forbidden,NULL
1292,naut-elghinyrr,undead,NULL
1293,naut,not,NULL
1294,nauvost,ceaseless,NULL
1295,nauxahuu,refuse,NULL
1296,nauxxizz,helpless,NULL
1297,nauxxizzna,helplessly,NULL
1298,ne'enuvar,waterlily,NULL
1299,ne'has're,new clothes,NULL
1300,ne'kales,distrust,NULL
1301,ne'kalsa,nottrusting,NULL
1302,neantak,void,NULL
1303,neccasalmor',necromancer,NULL
1304,neera,becomes,NULL
1305,neerrh,salvage,NULL
1306,neghlackt'opst,neverwinternights,NULL
1307,nei,empress,NULL
1308,neitar,never,NULL
1309,nek,slut,NULL
1310,nelgeth,to forgive,NULL
1311,nelgetha,forgiveness,NULL
1312,nelgethaun,forgiven,NULL
1313,nempori'phish,magenta,NULL
1314,nempori,ugly,NULL
1315,nereth'ul,dictionnary,NULL
1316,nesst,man,NULL
1317,nesstren,men,NULL
1318,nez,win,NULL
1319,nezcau'bol,benefit,NULL
1320,nezdous,prevail,NULL
1321,nezmuth,won,NULL
1322,niar'haanin,river,NULL
1323,niar'uuthli,teal,NULL
1324,niar,water,NULL
1325,niaren,waters,NULL
1326,nibele,game,NULL
1327,nibeless,games,NULL
1328,nictus,hopping,NULL
1329,nienar,mourn,NULL
1330,nienare,mourns,NULL
1331,nigunti'kar,genitals,NULL
1332,nika,stranger,NULL
1333,niki,strangers,NULL
1334,nilah,misery,NULL
1335,nin,now,NULL
1336,nin,present time,NULL
1337,nind,they,NULL
1338,nindel,that,NULL
1339,nindol,this,NULL
1340,nindolen,these,NULL
1341,nindyn,those,NULL
1342,nint,theirs,NULL
1343,ninta,their,NULL
1344,nintan,themselves,NULL
1345,niyar,weep,NULL
1346,niye,weeps,NULL
1347,niyin,weeping,NULL
1348,nizzik,sharpen,NULL
1349,nizzikef,sharpened,NULL
1350,nizzikn,sharpening,NULL
1351,nizziknir,sharpener,NULL
1352,nizzre',lightning,NULL
1353,nl'gnos,missile,NULL
1354,nna'biss,tug,NULL
1355,nnabiss,pull,NULL
1356,noa,lose,NULL
1357,noalith,neutral,NULL
1358,noamuth,lost,NULL
1359,noamuth,unknown,NULL
1360,noamuth,wanderer,NULL
1361,norrs,mouth,NULL
1362,nota'man,devil,NULL
1363,nou'hai,concern,NULL
1364,nrunn,bore,NULL
1365,nrunnin,boring,NULL
1366,nrunnkel,boredom,NULL
1367,nug'ri,hungry,NULL
1368,nuij,fiend,NULL
1369,numl'esstu,sadness,NULL
1370,numl,sad,NULL
1371,nuor,roll,NULL
1372,nuore,rolls,NULL
1373,nuorin,rolling,NULL
1374,nuorus,rolled,NULL
1375,nuw,jaw,NULL
1376,nuwei,jaws,NULL
1377,nwn't,untold,NULL
1378,ny,covet,NULL
1379,nyln,coveted,NULL
1380,nym'uer,hear,NULL
1381,nym'uerus,heard,NULL
1382,nyrr,coveting,NULL
1383,nzet,neat,NULL
1384,o'dad,druid,NULL
1385,o'goth,heal,NULL
1386,obok'ssuss,noon,NULL
1387,obok,high,NULL
1388,obsu'arl,trapdoor,NULL
1389,obsul'e,portal,NULL
1390,obsul,gap,NULL
1391,obsul,opening,NULL
1392,ocan,mole,NULL
1393,ofil'nisha,clothes,NULL
1394,og'elend,heretic,NULL
1395,og'elend,traitor,NULL
1396,og'elendar,treason,NULL
1397,ogglin,rival,NULL
1398,ogglinn,enemy,NULL
1399,ogglinnar,enemies,NULL
1400,ogglir,to rival,NULL
1401,ogglirin,rivaling,NULL
1402,ogglit,opponent,NULL
1403,ol'elg,assassinate,NULL
1404,ol'elghinn,assassination,NULL
1405,ol,it,NULL
1406,olath'yukin,brown,NULL
1407,olath,dark,NULL
1408,olathur,darker,NULL
1409,olathurl,darkest,NULL
1410,olis'inth,conspiracy,NULL
1411,olis'inth,plot,NULL
1412,olis'inthen,plots,NULL
1413,olis'inthigg,coup,NULL
1414,olist,caution,NULL
1415,olist,stealth,NULL
1416,olister,acquire,NULL
1417,olog,troll,NULL
1418,oloth,darkness,NULL
1419,oloth,darkness,NULL
1420,olplyen,thieves,NULL
1421,olplyn,thief,NULL
1422,olplynir,steal,NULL
1423,olt,its,NULL
1424,oltan,itself,NULL
1425,olva,plant,NULL
1426,omegarialt,abandonment,NULL
1427,onhasta,dedicated,NULL
1428,onhir,worship,NULL
1429,onhire,worships,NULL
1430,onhirin,worshipping,NULL
1431,ontos,beigler,NULL
1432,ooble',tongue,NULL
1433,ooble'en,tongues,NULL
1434,oolos,fools,NULL
1435,op'elg,pirate,NULL
1436,op'elgin,piracy,NULL
1437,op'elgin,thieving,NULL
1438,op'lin,spilt,NULL
1439,opholudou,fascinating,NULL
1440,or'a,money,NULL
1441,or'shael,sacrifical,NULL
1442,or'shanse,sacrifice,NULL
1443,or'shansein,sacrificing,NULL
1444,or'shansene,sacrifices,NULL
1445,or'shausedus,sacrificial,NULL
1446,orbb,spider,NULL
1447,orbbcress,spiderweb,NULL
1448,orbben,spiders,NULL
1449,orbdrin,mask,NULL
1450,orbdrinus,masked,NULL
1451,oreb,raven,NULL
1452,ori'gato,let,NULL
1453,orior,prepare,NULL
1454,orlenggin,altar,NULL
1455,orlingg,bed,NULL
1456,orn'la,would,NULL
1457,orn,will,NULL
1458,orofarne,mountain dwelling,NULL
1459,orofarnen,mountain dwellings,NULL
1460,orrl,scorpion,NULL
1461,orshal,challice,NULL
1462,ortelanth,pray,NULL
1463,ortelanthe,prays,NULL
1464,ortelanthin,praying,NULL
1465,ortelassa,prayer,NULL
1466,ortelassan,prayers,NULL
1467,orthae,holy,NULL
1468,orthae,sacred,NULL
1469,orthelanthus,prayed,NULL
1470,orvelve,sacrificial dagger,NULL
1471,orvulae,stiletto,NULL
1472,ou'tix,actually,NULL
1473,oubran,loudly,NULL
1474,ouhyll,match,NULL
1475,oukke,rudely,NULL
1476,oura,tiger,NULL
1477,ouvalyrin,kindness,NULL
1478,p'lat shkaranshtra,playstation,NULL
1479,p'leik,suffering,NULL
1480,p'los,before,NULL
1481,p'luin,after,NULL
1482,p'luvt,prey,NULL
1483,p'obon,mark,NULL
1484,p'wal,because,NULL
1485,pa'das,panther,NULL
1486,pahntar,open,NULL
1487,pahnte,opens,NULL
1488,pahntus,opened,NULL
1489,parth,lawn,NULL
1490,paxil,decay,NULL
1491,pera'dene,scapegoat,NULL
1492,peri'sol,perish,NULL
1493,pes'cis,spice,NULL
1494,ph',are,NULL
1495,phalar,grave,NULL
1496,phalar,marker,NULL
1497,philth,despise,NULL
1498,phindar,monster,NULL
1499,phish,red,NULL
1500,phla'ta,terrible,NULL
1501,phlith,hate,NULL
1502,phlithe,hates,NULL
1503,phlithus,hated,NULL
1504,phlyle,claim,NULL
1505,phlynn,claims,NULL
1506,phlyou,claiming,NULL
1507,phlyus,claimed,NULL
1508,pholod,onto,NULL
1509,pholor,on,NULL
1510,pholor,upon,NULL
1511,pholud,fascinate,NULL
1512,pholudeq,fascinated,NULL
1513,phor,above,NULL
1514,phor,over,NULL
1515,phor,up,NULL
1516,phraktos,gods,NULL
1517,phreng,realm,NULL
1518,phrengen,realms,NULL
1519,phu',are,NULL
1520,phuul,are,NULL
1521,pirkuloitte,looting,NULL
1522,piwafwi,cloak,NULL
1523,plak'la,gold,NULL
1524,plak'la,golden,NULL
1525,plica,neck,NULL
1526,plithou,hateful,NULL
1527,plithut,hatred,NULL
1528,ply'usaerth,kidnap,NULL
1529,ply'uss,arrest,NULL
1530,ply'uss,capture,NULL
1531,ply'ussiln,captivate,NULL
1532,ply'ussilnaa,captivating,NULL
1533,plynn,seize,NULL
1534,plynn,take,NULL
1535,plynnil,write,NULL
1536,plynnith,writen,NULL
1537,plynnithus,writing,NULL
1538,plyussk,captor,NULL
1539,plyussq,captive,NULL
1540,polah,swab,NULL
1541,pragray'l,paranoid,NULL
1542,priqual,problem,NULL
1543,prollussk,boys,NULL
1544,ptau'a,attend,NULL
1545,ptau'al,attention,NULL
1546,q'zaky,mom,NULL
1547,qee'lak,quick,NULL
1548,qee,fast,NULL
1549,qeeh,faster,NULL
1550,qeesuaco,whirlwind,NULL
1551,qloav,lips,NULL
1552,qlov,lip,NULL
1553,qo,clip,NULL
1554,qos'su,dreading,NULL
1555,qos,dread,NULL
1556,qosou,dreaded,NULL
1557,qreec,immense,NULL
1558,qu'abban,house agent,NULL
1559,qu'el'faeruk,house wizard,NULL
1560,qu'el'saruk,house weapons master,NULL
1561,qu'el'velguk,house assassin,NULL
1562,qu'elaeruk,sorcerer,NULL
1563,qu'ellar,house,NULL
1564,qu'ess,prince,NULL
1565,qu'essan,princess,NULL
1566,qu'ilinsar,house insignia,NULL
1567,qu'madonest,sailor,NULL
1568,qu'mados,sea,NULL
1569,qu'madosfa,aquatic,NULL
1570,qu'madosfan,ocean,NULL
1571,qu'za,abode,NULL
1572,qu'zenas,domicile,NULL
1573,qua'l,agree,NULL
1574,qua'lae,disagree,NULL
1575,qua'lae,disagree,NULL
1576,qua'laelay,arguement,NULL
1577,qua'laelayen,arguments,NULL
1578,qua'laen,against,NULL
1579,qualla,please,NULL
1580,quanth,fill,NULL
1581,quanthe,fills,NULL
1582,quanthin,filling,NULL
1583,quar'valsharess,goddess,not lloth
1584,quarth,command,NULL
1585,quarth,order,authority
1586,quarth,order,NULL
1587,quarthas,duty,NULL
1588,quarthen,commanded,NULL
1589,quarthen,ordered,NULL
1590,quarthes,appropriate,NULL
1591,quarval-sharess,goddess,NULL
1592,queelas,quickly,NULL
1593,quellarin,castle,NULL
1594,quen,four,NULL
1595,quenar,fourth,NULL
1596,quill,pen,NULL
1597,quin,yet,NULL
1598,quivved,guest,NULL
1599,quor'vlosaba,soulfriend,NULL
1600,quor'vlosara,soulmate,NULL
1601,quorin,drown,NULL
1602,quorine,drowns,NULL
1603,quorinhin,drowning,NULL
1604,quortek,soul,NULL
1605,quugh,mar,NULL
1606,quughuth,marred,NULL
1607,quuk,blemish,NULL
1608,qwe'en,needles,NULL
1609,qwe,needle,NULL
1610,qweoth,needling,NULL
1611,r'glin,hooks,NULL
1612,r'hul,avenger,NULL
1613,ra'ri,apocalypse,NULL
1614,ra'uren,calves,NULL
1615,raeh'li,fierce,NULL
1616,ragar,discover,NULL
1617,ragar,find,NULL
1618,ragar,uncover,NULL
1619,ragarrl,search,NULL
1620,raghvaril,villain,NULL
1621,raghvarilna,villains,NULL
1622,ragrubah,dungeon,NULL
1623,rah'fol,handsom,NULL
1624,rah,hand,NULL
1625,rahi,hands,NULL
1626,rahkri'sha,glove,NULL
1627,rahkri'shuu,gloves,NULL
1628,raim'xium,million,NULL
1629,rak'nes,especially,NULL
1630,raldar,strip,NULL
1631,raldarin,stripping,NULL
1632,ramak,sins,NULL
1633,ramith,nightmares,NULL
1634,ramoth,nightmare,NULL
1635,ranndek,mates,NULL
1636,ranndilin,mating,NULL
1637,rasimorf,frustration,NULL
1638,rath'arg,coward,NULL
1639,rath'argh,dishonor,NULL
1640,rath'elg,backstab,NULL
1641,rath,back,NULL
1642,ratha,backs,NULL
1643,rathi'dol,backwards,NULL
1644,rathrea,behind,NULL
1645,raur,calf,NULL
1646,ravhel,hundred,NULL
1647,ravhelar,hundredth,NULL
1648,raxoll,element,NULL
1649,re'ew,screw,NULL
1650,rei,fall,NULL
1651,reibe,wall,NULL
1652,reiyal,quite,NULL
1653,rena'wen,basalt,NULL
1654,rendan,abyss,NULL
1655,renor,black,NULL
1656,repalninkiz,pregnant,NULL
1657,rescho,easy,NULL
1658,reshka,returns,NULL
1659,resk'afar,hole,NULL
1660,resk'sultha,penetrate,NULL
1661,ressverd,reserved,NULL
1662,retlah,full,NULL
1663,retlahlgoruth,full-figured,NULL
1664,revi'n,street,NULL
1665,revis,road,NULL
1666,rewt,fat,NULL
1667,rezl,abdomen,NULL
1668,rezlb,abdomens,NULL
1669,rezlet,denial,NULL
1670,reztorm,along,NULL
1671,rhoque,scavenger,NULL
1672,rhoquil,scavengers,NULL
1673,riknueth,bitter,NULL
1674,ril,every,NULL
1675,rilbol,everything,NULL
1676,rilkhel,everybody,NULL
1677,rilu'oh,however,NULL
1678,riluss,everyone,NULL
1679,rilvel'klar,everywhere,NULL
1680,rin'ov,ever,NULL
1681,rinovdro,immortal,NULL
1682,rinteith,throat,NULL
1683,rith'tar,sentinel,NULL
1684,ritze,value,NULL
1685,ritzeld,valuable,NULL
1686,ritzelden,valuables,NULL
1687,ritzemme,valuing,NULL
1688,ritzen,values,NULL
1689,ritzou,valued,NULL
1690,rivol,gorrilla,NULL
1691,rivven,humans,NULL
1692,rivvil,human,NULL
1693,rivvilse,humans,NULL
1694,rivvin,common,NULL
1695,rnahm,polite,NULL
1696,roesor,sorrow,NULL
1697,roo'lar,rouge,NULL
1698,rosa,rain,NULL
1699,rosin,born,NULL
1700,rotarkmal,grilled,NULL
1701,rotharln,slaving,NULL
1702,rothe,cattle,NULL
1703,rothe,slave,NULL
1704,rothen,slaves,NULL
1705,rothrl,obey,NULL
1706,rovu,warg,NULL
1707,rovul,wargs,NULL
1708,roxuc,practical,NULL
1709,roxucul,practically,NULL
1710,rrakke,rudeness,NULL
1711,rraun,six,NULL
1712,rraunar,sixth,NULL
1713,rrhovor,batter,NULL
1714,rrhovoruth,battered,NULL
1715,rrok,scavenge,NULL
1716,rrokai,scavenging,NULL
1717,rrorrok,hound,NULL
1718,rrorrokmzil,hounds,NULL
1719,rrosa,docks,NULL
1720,rryatanan,solving,NULL
1721,ruebusan,owing,NULL
1722,ruebusl,owes,NULL
1723,ruebuss,owe,NULL
1724,ruebusu,owed,NULL
1725,ruinay,runaway,NULL
1726,rul'selozan,disgusting,NULL
1727,rumunasin,sorceress,NULL
1728,run'coii,mordor,NULL
1729,ruzzo'iso,dumb,NULL
1730,rytho'le,deserve,NULL
1731,s'argt,guardian,NULL
1732,s'ck,sick,NULL
1733,s'enar,sort,NULL
1734,s'gos,brave,NULL
1735,s'ilnesa,snail,NULL
1736,s'lat'halin,fighter,NULL
1737,s'luge,flay,NULL
1738,s'lurpp,fawn,NULL
1739,s'lurpp,flatter,NULL
1740,s'lurppin,flattering,NULL
1741,s'lurppuk,sycophant,NULL
1742,s'pdon,spellcaster,NULL
1743,s'ssiron,sassy,NULL
1744,s'tharl,sit,NULL
1745,s'xor,suck,NULL
1746,sa'uren,shins,NULL
1747,sadei,fox,NULL
1748,sae'etha,content,NULL
1749,sae'uth,pleased,NULL
1750,sakphen,halflings,NULL
1751,sakphul,halfling,NULL
1752,salkin,dancing,NULL
1753,sanguine,vampire,NULL
1754,sanrr,reason,NULL
1755,sanwttdd,smile,NULL
1756,saph,like,NULL
1757,saqos,dreadful,NULL
1758,saqqal,forearm,NULL
1759,saqqaln,forearms,NULL
1760,sar,pin,NULL
1761,sara,wheat,NULL
1762,sargh,strength at arms,NULL
1763,sargh,valor,NULL
1764,sargtlin,drow warrior,NULL
1765,sargtlin,warrior,NULL
1766,sargtlinen,warriors,NULL
1767,sariya,cloud,NULL
1768,sariyan,clouds,NULL
1769,sarn',warning,NULL
1770,sarn'elgg,punish,NULL
1771,sarn,beware,NULL
1772,sarnor,swift,NULL
1773,sarol'veldruk,weaponmaster,NULL
1774,sarol,weapon,NULL
1775,satiir,feel,NULL
1776,satiira,feels,NULL
1777,saur,shin,NULL
1778,sca'varn,screaming,NULL
1779,screa'in,learning,NULL
1780,screa,learn,NULL
1781,screan,learns,NULL
1782,screus,learned,NULL
1783,sea'an,hero,NULL
1784,searna,noname,NULL
1785,sefal,anyways,NULL
1786,sei'lor,set,NULL
1787,seil,solace,NULL
1788,seke'olath,shade,NULL
1789,seke'ssussun,hue,NULL
1790,seke'ssussuni,tint,NULL
1791,seke,true,NULL
1792,sel'tur,soft,NULL
1793,sel'turi,softly,NULL
1794,sel,new,NULL
1795,selg'tarn,matter,NULL
1796,senger,lord,NULL
1797,ser,keep,NULL
1798,serisen,lovers,NULL
1799,seriso,lover,NULL
1800,serto'uuthli,cyan,NULL
1801,serto,evergreen,NULL
1802,sethess,searched,NULL
1803,sevir,leave,NULL
1804,sh'hat-lak,bibitone,NULL
1805,sha'nalt,happen,NULL
1806,sha-rasa,tremble,NULL
1807,shadrak,undead slayer,NULL
1808,shadyr,genius,NULL
1809,shadyrae,genie,NULL
1810,shaiith,nameless,NULL
1811,shalh'hataa,paris,NULL
1812,shanaal,chalice,NULL
1813,shanaal,goblet,NULL
1814,shanxxizz,helpful,NULL
1815,shanxxizzul,helpfully,NULL
1816,shaok,slug,NULL
1817,shar'tleg,turn,NULL
1818,shar,mind,NULL
1819,sharorr,throne,NULL
1820,sharulg,royal seal,NULL
1821,shay'la,twinkle,NULL
1822,shcrten,stubborn,NULL
1823,shebali,rogue,NULL
1824,shebali,non-noble drow,NULL
1825,shebali,rogue,NULL
1826,shee'lot,drunk,NULL
1827,shezqa,stark,NULL
1828,shinder,allowed,NULL
1829,shinduago,surface,NULL
1830,shineria,creep,NULL
1831,shineriasta,creeping,NULL
1832,shinul,occur,NULL
1833,shinulin,occurrence,NULL
1834,shinulinnen,occurrences,NULL
1835,shlu'ta,can,NULL
1836,shosan,chivalry,NULL
1837,shosanzik,chivalrious,NULL
1838,shu'iblith,dung,NULL
1839,shu,shit,NULL
1840,shuk,market,NULL
1841,shuu,crap,NULL
1842,si'iha,armpit,NULL
1843,si'ihan,armpits,NULL
1844,siasta,scimitar,NULL
1845,sieva,suppose,NULL
1846,sievazhau,estimate,NULL
1847,sik,whenever,NULL
1848,sil'ilos,purple,NULL
1849,sil'iluuth,violet,NULL
1850,sil'in,noble,NULL
1851,sila've,brought,NULL
1852,sila,bring,NULL
1853,silara,brings,NULL
1854,silinrai,hunters,NULL
1855,silinrul,hunter,NULL
1856,siltoz,survivor,NULL
1857,siltozen,survivors,NULL
1858,siltrin,flesh,NULL
1859,sirn,mirror,NULL
1860,sirnenj,mirroring,NULL
1861,sirnet,mirrored,NULL
1862,sirnnh,mirrors,NULL
1863,sithe',lots,NULL
1864,sithyrr,crossbow,NULL
1865,siyo,yes,NULL
1866,sjaad'ur,excuse,NULL
1867,skikudis,steel,NULL
1868,skragharigg,unicorn,NULL
1869,slud'ou,chained,NULL
1870,sluda,chain,NULL
1871,sluden,chains,NULL
1872,slyan,star,NULL
1873,slyannen,stars,NULL
1874,sn'dar'adii,bloodwrath,NULL
1875,softe,beer,NULL
1876,sokoya,pretty,NULL
1877,sol,eye,NULL
1878,solen,eyes,NULL
1879,sreen'aur,safe,NULL
1880,sreen'aur,safety,NULL
1881,sreen,danger,NULL
1882,sreenath,dangerous,NULL
1883,srif,eyelash,NULL
1884,srifey,eyelashes,NULL
1885,sril've,shimmering,NULL
1886,srow,scum,NULL
1887,ssa,serpent,NULL
1888,sseren,hot,NULL
1889,ssiggrin,thought,NULL
1890,ssiggrins,thoughts,NULL
1891,ssil'ernuhn,sarcastic,NULL
1892,ssin'urn,beautiful,NULL
1893,ssin'urn,sexy,NULL
1894,ssin'urne,beautifully,NULL
1895,ssin'urninness,seducer,NULL
1896,ssin,beauty,NULL
1897,ssindossa,whore,NULL
1898,ssinjin,sweet,NULL
1899,ssins d'aerth,professional entertainer,prostitute
1900,ssins d'aerth,prostitute,NULL
1901,ssinss'rhul,nude,NULL
1902,ssinss,allure,NULL
1903,ssinss,charm,NULL
1904,ssinss,seduction,NULL
1905,ssinssrickla,giggles,NULL
1906,ssinssrigg,love,NULL
1907,ssinssrigg,lust,NULL
1908,ssinssrigg,passion,NULL
1909,ssinssriggin,loving,NULL
1910,ssinssriggin,lusting,NULL
1911,ssinssrigin,loves,NULL
1912,ssinssrin,desire,NULL
1913,ssinssrin,want,NULL
1914,ssinssrine,desires,NULL
1915,ssinssrinil,wanted,NULL
1916,ssinsuurul,music,NULL
1917,ssissill,violent,NULL
1918,ssissilluk,violence,NULL
1919,ssivah,voice,NULL
1920,sslazt,sleek,NULL
1921,sslig'ne,defend,NULL
1922,sslig'ne,protect,NULL
1923,sslu,collar,NULL
1924,ssluilling,collarbone,NULL
1925,ssol'riss,echoed,NULL
1926,ssol,echo,NULL
1927,ssolsse,echoes,NULL
1928,ssolssohl,echoing,NULL
1929,ssouk,predator,NULL
1930,ssouki,predators,NULL
1931,ssran,worth,NULL
1932,ssrethalas,streets,NULL
1933,ssrig'luin,need,NULL
1934,ssrigg'tul,pleasure,NULL
1935,ssriggah,passionate,NULL
1936,sssiks,sun,NULL
1937,sssiksvig,sunworm,NULL
1938,ssuorr,delicious,NULL
1939,ssussun'eb,lightless,NULL
1940,ssussun'yukin,yellow,NULL
1941,ssussun,bright,NULL
1942,ssussun,light,NULL
1943,ssussunel,lightly,NULL
1944,ssuth,escape,NULL
1945,stath,few,NULL
1946,statha,story,NULL
1947,ste'kol,toy,NULL
1948,stre,afraid,NULL
1949,streea,death,NULL
1950,streea,suicide,NULL
1951,streeadus,suicidal,NULL
1952,streeatul,arena,NULL
1953,streeatulgh,arenas,NULL
1954,streeka,reckless,NULL
1955,streeka,recklessness,NULL
1956,stu'eriod,lamer,NULL
1957,stylad,pulse,NULL
1958,su'aco,wind,NULL
1959,sui'aerl,arcane,NULL
1960,suingmc,silly,NULL
1961,suliss'urn,graceful,NULL
1962,suliss,grace,NULL
1963,sultha,enter,NULL
1964,sundu,sing,NULL
1965,sunduiri,singer,NULL
1966,sunduirien,singers,NULL
1967,sune'le,warming,NULL
1968,sune,warm,NULL
1969,suri,birds,NULL
1970,suru,bird,NULL
1971,sussu'ri,sunrise,NULL
1972,sut'rinos,commander,NULL
1973,sut,release,NULL
1974,suul'et'jabar,pompous,NULL
1975,suul,side,NULL
1976,suulen,siding,NULL
1977,suur,palm,NULL
1978,suuril,palms,NULL
1979,suust,quiet,NULL
1980,suut'oth,knotted,NULL
1981,suut,knot,NULL
1982,suutsus,knotting,NULL
1983,suuz'chok,tradition,NULL
1984,suvok,listener,NULL
1985,suvokai,listeners,NULL
1986,suxxizz,helping,NULL
1987,svirfnebli,deep gnome,NULL
1988,svirfneblin,deep gnomes,NULL
1989,swariy,swear,NULL
1990,sweer,excellent,NULL
1991,swift,heales,NULL
1992,szeous,secret,NULL
1993,szeoussen,secrets,NULL
1994,szith,ten,NULL
1995,szithael,eighteen,NULL
1996,szithaelar,eighteenth,NULL
1997,szithal,nineteen,NULL
1998,szithalar,nineteenth,NULL
1999,szithar,tenth,NULL
2000,szithdra,twelve,NULL
2001,szithdrar,twelfth,NULL
2002,szithdrasv,decade,NULL
2003,szithla,thirteen,NULL
2004,szithlar,thirteenth,NULL
2005,szithlyn,seventeen,NULL
2006,szithlynar,seventeenth,NULL
2007,szithraun,sixteen,NULL
2008,szithraunar,sixteenth,NULL
2009,szithrel,thousand,NULL
2010,szithuel,fifteen,NULL
2011,szithuelar,fifteenth,NULL
2012,szithuen,fourteen,NULL
2013,szithuenar,fourteenth,NULL
2014,szithus,eleven,NULL
2015,szithusar,eleventh,NULL
2016,szuk,tread,NULL
2017,t'larryo,broken,NULL
2018,t'morr,limoncello,NULL
2019,t'puuli,silver,NULL
2020,t'puuli,white,NULL
2021,t'yin,then,NULL
2022,t'zarreth,ass,NULL
2023,ta'ecelle,sunlight,NULL
2024,taga,than,NULL
2025,tagnik'zun,dragons,NULL
2026,tagnik'zur'zurdo,draconian,NULL
2027,tagnik'zur,dragon,NULL
2028,tagnik'zur,dragon,NULL
2029,tah,hunt,NULL
2030,tahh,chase,NULL
2031,tahta,scared,NULL
2032,tai'luen,spare,NULL
2033,tajo,vision,NULL
2034,takar,dry,NULL
2035,takata,begone,NULL
2036,taknea,thankyou,NULL
2037,takrin,desert,NULL
2038,takrome,shot,NULL
2039,tala,pink,NULL
2040,talar,bonded,NULL
2041,talhalrustir,ambassedor,NULL
2042,talinth,consider,NULL
2043,talinth,think,NULL
2044,talinth,to consider,NULL
2045,talinth,to think,NULL
2046,talintha,thinking,NULL
2047,talinthe,thinks,NULL
2048,talinthin,considering,NULL
2049,talthalra,meeting,NULL
2050,talwien,feet,NULL
2051,tangi,day,NULL
2052,tangis',even,NULL
2053,tangisto,evening,NULL
2054,tanook,quit,NULL
2055,tanth,worm,NULL
2056,tap'as,pasta,NULL
2057,tar'annen,company,NULL
2058,tarthe,away,NULL
2059,tau,thee,NULL
2060,taudl,sorry,NULL
2061,taur,forest,NULL
2062,taurea,forested,NULL
2063,tauren,forests,NULL
2064,taurina,wooden,NULL
2065,tayaere,remorse,NULL
2066,tchaka,chocolate,NULL
2067,tchal,bread,NULL
2068,tchallen,breads,NULL
2069,te-smur,prosper,NULL
2070,tebaun,bladedancer,NULL
2071,tejmook'cinkjuu,feeling,NULL
2072,tela,tip,NULL
2073,telan,tips,NULL
2074,telanth,say,NULL
2075,telanth,speak,NULL
2076,telanth,talk,NULL
2077,telanthaad,speaking,NULL
2078,tenu,alright,NULL
2079,terini'nestg,interesting,NULL
2080,tesso,tell,NULL
2081,tessoe,tells,NULL
2082,tet,lovely,NULL
2083,th'auix,bounce,NULL
2084,tha,met,NULL
2085,thac'zil,land,NULL
2086,thac'zilen,lands,NULL
2087,thal,nine,NULL
2088,thalack'vel,ambush,NULL
2089,thalack,open fighting,NULL
2090,thalack,war,NULL
2091,thalackz'hind,raid,NULL
2092,thalackz'ondus,raided,NULL
2093,thalar,ninth,NULL
2094,thalra,encounter,NULL
2095,thalra,meet,NULL
2096,theral,copper,NULL
2097,thir'ku,change,NULL
2098,thrityh,attack,NULL
2099,thsinthen'l,television,NULL
2100,thsinthen'll,televisions,NULL
2101,thsinthen,television,NULL
2102,thuulstrea,anticipation of impending deat,NULL
2103,thyrais,empath,NULL
2104,ticondo,tired,NULL
2105,tigar'zimut,domination,NULL
2106,tighrabalt,mourning,NULL
2107,tiimar'l,simitars,NULL
2108,timpe,drizzle,NULL
2109,tir,off,NULL
2110,tiu,fly,NULL
2111,tiuin'iona,dust,NULL
2112,tix,actual,NULL
2113,tizzin,lizard,NULL
2114,tk'parhn,broadsword,NULL
2115,tlakh,applause,NULL
2116,tlakheese,applauding,NULL
2117,tlakhev,applauded,NULL
2118,tlakhir,applaud,NULL
2119,tlakhis,applauds,NULL
2120,tlu'og,lend,NULL
2121,tlu,be,NULL
2122,tlu,to be,NULL
2123,tluin,being,NULL
2124,tlun,am,NULL
2125,tlus,been,NULL
2126,tlusher,begun,NULL
2127,tnoah,doesnt,NULL
2128,to'ryll,emerald,NULL
2129,to'ryll,green,NULL
2130,toha,same,NULL
2131,tois,died,NULL
2132,tol'galen,emeral isle,NULL
2133,tolanto,justin,NULL
2134,tomanita'sorne,hellfire,NULL
2135,tona',dirt,NULL
2136,tonaik,dirty,NULL
2137,tonashss,rock,NULL
2138,tosdki,other,NULL
2139,toun,impress,NULL
2140,tounle,impressive,NULL
2141,tra,abbreviate,NULL
2142,transilit,translate,NULL
2143,trantz,real,NULL
2144,treem,fearing,NULL
2145,treemma,fear,NULL
2146,treemmafol,fearsome,NULL
2147,treemmai,fears,NULL
2148,treemmou,feared,NULL
2149,treiw'waessuth,pale-skinned,NULL
2150,treiw,pale,NULL
2151,trelao,divine,NULL
2152,tresk'ri,world,NULL
2153,trez'in,northwest,NULL
2154,trez'nt,northeast,NULL
2155,trezen,north,NULL
2156,tril'vol,images,NULL
2157,tril,bite,NULL
2158,trinn'tele,alcohol,NULL
2159,trisil,agent,NULL
2160,tropalkia,steak,NULL
2161,tsak,tainted,NULL
2162,tsoss,kiss,NULL
2163,tsyddus,thinner,NULL
2164,tsyde,thin,NULL
2165,tu',both,NULL
2166,tu'fyr,between,NULL
2167,tu'jol,beyond,NULL
2168,tu'rilthiin,half-elves,NULL
2169,tu'rilthiir,half-elf,NULL
2170,tu'suul,beside,NULL
2171,tuain't,poisoned,NULL
2172,tualcss,cutlass,NULL
2173,tuin,spun,NULL
2174,tullus,hall,NULL
2175,tullusas,halls,NULL
2176,tulshar,empire,NULL
2177,tundro,deathstalker,NULL
2178,tupora,living,NULL
2179,tuth,both,NULL
2180,tuvok,listening,NULL
2181,tyav,taste,NULL
2182,tyln,spinning,NULL
2183,tyn,spin,NULL
2184,tyne,spinner,NULL
2185,tynil,spinners,NULL
2186,u'nef,fortune,NULL
2187,u'thet,recognize,NULL
2188,ualstin,approve,NULL
2189,uchado,here,NULL
2190,udos,we,NULL
2191,udossa,us,NULL
2192,udosst,ours,NULL
2193,udossta,our,NULL
2194,udosstan,ourselves,NULL
2195,ughasha,intrigue,NULL
2196,ughashag,intriguing,NULL
2197,ugul,low,NULL
2198,uih,muscle,NULL
2199,uil'mriz,trophy,NULL
2200,uil,am,NULL
2201,ujool,glass,NULL
2202,uk,he,NULL
2203,ukt,his,NULL
2204,ukta,him,NULL
2205,uktan,himself,NULL
2206,ul'din,raymus,NULL
2207,ul'hyrr,idea,NULL
2208,ul'kas,called,NULL
2209,ul'mubar,moving,NULL
2210,ul'naus,together,NULL
2211,ul'nusst,cry,NULL
2212,ul'nusst,scream,NULL
2213,ul'plyr,reach,NULL
2214,ul'trin,sound,NULL
2215,ul'tro,sounds,NULL
2216,ul-ilindithu,destiny,NULL
2217,ula,fine,NULL
2218,ulan,toward,NULL
2219,ulathtallar,arch-priestess,NULL
2220,ulin,future,time
2221,ulin,future,NULL
2222,ulisha,fearie,NULL
2223,uljabplynn,err,NULL
2224,uljabplynn,mistaken,NULL
2225,ulkund,flood,NULL
2226,ulkunde,floods,NULL
2227,ulkundin,flooding,NULL
2228,uln'hyrr,lair,NULL
2229,uln'hyrr,liar,NULL
2230,ulnar,lie,NULL
2231,ulnar,untruth,NULL
2232,ulnarii,lying,NULL
2233,ulnen,lies,NULL
2234,ulnin,soon,NULL
2235,ulnuth,lied,NULL
2236,ultrin,supreme,NULL
2237,ultrin,transcendent,NULL
2238,ultrine,mighty,NULL
2239,ultrinnan,conquering,NULL
2240,ultrinnan,victory,NULL
2241,ultrinnan,victory,NULL
2242,ulu,to,NULL
2243,unboi,step,NULL
2244,unnslith,lately,NULL
2245,uns'aa,me,NULL
2246,unsilanon,catastrophe,NULL
2247,untaramar,ultimate,NULL
2248,uoi'nota,hell,NULL
2249,ur'ac,foot,NULL
2250,ur'thal,rider,NULL
2251,ur'thalrss,riders,NULL
2252,uriu,has,NULL
2253,urlk'ris,govern,NULL
2254,us'jalil,m'lady,NULL
2255,usar,sliver,NULL
2256,usbyr,either,NULL
2257,ush'akal,sir,NULL
2258,ushdui,crazy,NULL
2259,usieva,guess,NULL
2260,usievaah,pretend,NULL
2261,uspir,spiral,NULL
2262,uss'sol,cyclops,NULL
2263,uss,one,NULL
2264,ussa,me,NULL
2265,ussgolhyrr,trickster,NULL
2266,ussgyot,position,NULL
2267,usst'na,brimestone,NULL
2268,usst,mine,NULL
2269,ussta,my,NULL
2270,usstan'bal,i've,NULL
2271,usstan'luf,oneselff,NULL
2272,usstan'sargh,arrogant,NULL
2273,usstan'sargho,arrogance,NULL
2274,usstan,I,NULL
2275,usstan,i,NULL
2276,usstan,myself,NULL
2277,usstan,this one,NULL
2278,usstil,one in my place,NULL
2279,usstzigh,imagination,NULL
2280,ussvelusscal,acid,NULL
2281,ust'dan,infidel,NULL
2282,ust,first,NULL
2283,usto,freak,NULL
2284,usulii,member,NULL
2285,usuud,offal,NULL
2286,uuthli,blue,NULL
2287,uuthli,saphire,NULL
2288,uxxahuu,dispose,NULL
2289,uyl'udith,greatest,NULL
2290,v'dre,rest,NULL
2291,v'dri,sleep,NULL
2292,v'driy,sleepy,NULL
2293,v'nal,vale,NULL
2294,v'ren,lick,NULL
2295,vaccaga,fottiti,NULL
2296,vaen,last,NULL
2297,valbyl,bind,NULL
2298,valbylis,binding,NULL
2299,valbynae,bindings,NULL
2300,valdruk,shadowmaster,NULL
2301,valkhel,liche,NULL
2302,vallabha,dearest,NULL
2303,valm,bond,NULL
2304,valm,join,NULL
2305,valmuth,bonds,NULL
2306,valshar,emporer,NULL
2307,valsharen,imperial,NULL
2308,valsharess,queen,NULL
2309,valshath,palace,NULL
2310,valuk,king,NULL
2311,valyr,manner,NULL
2312,valyrin,kind,NULL
2313,valyrine,kindly,NULL
2314,vaq',consume,NULL
2315,vaq'e,consumes,NULL
2316,vaq'in,consuming,NULL
2317,vassnti,innocent,NULL
2318,vasta,dump,NULL
2319,vdrei,rests,NULL
2320,vecorbid,worrys,NULL
2321,vedaust,goodbye,NULL
2322,vedir,mount,NULL
2323,vedui',greetings,NULL
2324,vee'ther,weather,NULL
2325,vee,bid,NULL
2326,veir,close,NULL
2327,veire,closes,NULL
2328,veirin,closing,NULL
2329,veirs,closer,NULL
2330,veirsa,closest,NULL
2331,veirus,closed,NULL
2332,vel'bol,what,NULL
2333,vel'bolen,which,NULL
2334,vel'dos,whose,NULL
2335,vel'drav,when,NULL
2336,vel'klar,where,NULL
2337,vel'uss,who,NULL
2338,vel'ussa,whom,NULL
2339,vel'xundussa,security,NULL
2340,vel'xunil,spying,NULL
2341,vel'xunyrr,spy,NULL
2342,vel'xunyrr,to spy,NULL
2343,veldri,hide,NULL
2344,veldrin,concealment,NULL
2345,veldrin,shadows,NULL
2346,veldrinn,hides,NULL
2347,veldriss,shadow mistress,NULL
2348,veldruk,master,NULL
2349,veldrukev,mastered,NULL
2350,velg'larn,assassin,NULL
2351,velg'larns,assassins,NULL
2352,velkresa,hiding,NULL
2353,velkyn,hidden,NULL
2354,velkyn,unseen,NULL
2355,vellupa,marry,NULL
2356,vellupala,married,NULL
2357,velnarin,instrument,NULL
2358,velve,blade,NULL
2359,velve,blade,NULL
2360,velvel,knife,NULL
2361,velveli,knives,NULL
2362,velven,blades,NULL
2363,velvorn,bladed,NULL
2364,velxunai,spies,NULL
2365,vendui',greetings,NULL
2366,vendui,hello,NULL
2367,venoch,murder,NULL
2368,venorik,silent,NULL
2369,venorsh,silence,NULL
2370,ventash'ma,leader,NULL
2371,ver'n,serious,NULL
2372,veresi,moonless,NULL
2373,verin,evil,NULL
2374,verin,evil,NULL
2375,verve,long,NULL
2376,ves,very,NULL
2377,vesdrac,souls,NULL
2378,vesss,smooth,NULL
2379,vet,veil,NULL
2380,vhaid,proud,NULL
2381,vharc,vengeance,NULL
2382,vharcan,revenge,NULL
2383,vhid,chaos,NULL
2384,vholk,iron,NULL
2385,videnn,gate,NULL
2386,vigaj,madness,NULL
2387,viggtu,insane,NULL
2388,viggtuii,insanity,NULL
2389,vigh,mad,NULL
2390,vikkhn,pragmatic,NULL
2391,vikkhnoq,pragmatically,NULL
2392,vil'klviss,worms,NULL
2393,vil'zra'quath,freeze,NULL
2394,vilrath,malice,NULL
2395,vin'ult,hail,NULL
2396,vir'ednith,explosion,NULL
2397,vishin,upsets,NULL
2398,vith'rell,fucker,NULL
2399,vith,fuck,NULL
2400,vith,sex,NULL
2401,vith,sex-genders,NULL
2402,vith,sexual-intercourse,NULL
2403,vithanaik,sexuality,NULL
2404,vithanna,sexual,NULL
2405,vizh'tho,brandon,NULL
2406,vla'rinnyn,brotherhood,NULL
2407,vlos,blood,NULL
2408,voen'llyl,heed,NULL
2409,voiry,book,NULL
2410,vok,listen,NULL
2411,vost,cease,NULL
2412,vostul,ceasing,NULL
2413,vreg'nth,wicked,NULL
2414,vress'lve,claw,NULL
2415,vress'lvel,talon,NULL
2416,vress'ol,finger,NULL
2417,vrin'klatu,essence,NULL
2418,vrine'winith,stop,NULL
2419,vrueh,studying,NULL
2420,vrune,shoulder,NULL
2421,vrunen,shoulders,NULL
2422,vyk'zlade,snake,NULL
2423,vynnessia,butterfly,NULL
2424,vzahaz,troops,NULL
2425,w'kar,godly,NULL
2426,wa'q,tower,NULL
2427,wa'qin,towering,NULL
2428,wa'tani,argue,NULL
2429,waeklyth,entangle,NULL
2430,wael,fool,NULL
2431,waela,foolish,NULL
2432,waelarin,fooling,NULL
2433,waele,stupid,NULL
2434,waelen,idiotic,NULL
2435,waeles,idiot,NULL
2436,waelin,young,NULL
2437,waenre,servants,NULL
2438,waer'honglath,justice,NULL
2439,waerr'ess,deceipt,NULL
2440,waess,skin,NULL
2441,wahven'urn,wasteful,NULL
2442,wahven,waste,NULL
2443,wanre,apprentice,NULL
2444,wanre,servant,NULL
2445,wayc'e,dwell,NULL
2446,wayc'el,dwelled,NULL
2447,wenress,maiden,NULL
2448,wenressen,maidens,NULL
2449,wenressne,maidenly,NULL
2450,wern'in,southwest,NULL
2451,wern'nt,southeast,NULL
2452,werneth,south,NULL
2453,weth,each,NULL
2454,whol,for,NULL
2455,wiles,words,NULL
2456,wlalth,spell,NULL
2457,wlalths,spells,NULL
2458,wobadikist,steamy,NULL
2459,wu'suul,inside,NULL
2460,wun,in,NULL
2461,wund'akh,belong,NULL
2462,wund,among,NULL
2463,wund,into,NULL
2464,wund,within,NULL
2465,wussrun'wa,dream,NULL
2466,wyirv,speculate,NULL
2467,wyirvaerth,speculation,NULL
2468,wylth,thorn,NULL
2469,wynthau,succeeded,NULL
2470,wynthe,success,NULL
2471,wynthl,succeeding,NULL
2472,wynthye,succeed,NULL
2473,wynthyil,succeeds,NULL
2474,x'khat,became,NULL
2475,xa'huu,garbage,NULL
2476,xa'huul,litter,NULL
2477,xa'huuli,trash,NULL
2478,xa'huuli,worthless,NULL
2479,xa'los,oracle,NULL
2480,xa,yeah,NULL
2481,xal,may,NULL
2482,xal,might,NULL
2483,xal,perhaps,NULL
2484,xan'ss,word,NULL
2485,xanalress,language,NULL
2486,xar'zith,ice,NULL
2487,xarrmak,clique,NULL
2488,xas,yes,NULL
2489,xellased,dwellers,NULL
2490,xenu,sicken,NULL
2491,xesst,entice,NULL
2492,xet,discord,NULL
2493,xhandal,challenge,NULL
2494,xia,radiant,NULL
2495,xinanath,parents,NULL
2496,xindarl,drug,NULL
2497,xl'fye,harness,NULL
2498,xo'a,attempt,NULL
2499,xo'al,try,NULL
2500,xonathull,battle,NULL
2501,xonathulls,battles,NULL
2502,xor,or,NULL
2503,xortin,raised,NULL
2504,xsa'ol,damnit,NULL
2505,xsa,damn,NULL
2506,xta'rl,touch,NULL
2507,xuat,don't,NULL
2508,xuil,with,NULL
2509,xuileb,without,NULL
2510,xukuth,heart,NULL
2511,xukuthe'l,heartless,NULL
2512,xun,accomplish,NULL
2513,xun,complete,NULL
2514,xun,do,NULL
2515,xun,to complete,NULL
2516,xund,effort,NULL
2517,xund,striving,NULL
2518,xund,work,NULL
2519,xundus,accomplishment,NULL
2520,xundus,achievement,NULL
2521,xundussa,accomplishments,NULL
2522,xundussa,achievements,NULL
2523,xunin,doing,NULL
2524,xunor,done,NULL
2525,xunus,did,NULL
2526,xusst,wrong,NULL
2527,xxilfet,armour,NULL
2528,xxizz'a,helped,NULL
2529,xxizz,help,NULL
2530,xxizzia,helps,NULL
2531,xxizzuss,helper,NULL
2532,y'sik,rather,NULL
2533,y'uotl,amateur,NULL
2534,yacal,eating,NULL
2535,yah,god,NULL
2536,yaith,pay,NULL
2537,yallt,today,NULL
2538,yath'abban,temple agent,NULL
2539,yath,of the temple,NULL
2540,yathrin,priestess of lloth,NULL
2541,yathrin,priestess,NULL
2542,yathtallar,high priestess of lloth,NULL
2543,ycal,eats,NULL
2544,yentil,lot,NULL
2545,yeunn,pathetic,NULL
2546,yib,toe,NULL
2547,yiben,toes,NULL
2548,yibin,weak,NULL
2549,yibinss,weakness,NULL
2550,yibinssen,weaknesses,NULL
2551,yigsawla,fornication,NULL
2552,yin'xir'ziji,frozen,NULL
2553,yingil,gnome,NULL
2554,yingilin,gnomes,NULL
2555,yinn,tooth,NULL
2556,yinnin,teeth,NULL
2557,yinvezz,cute,NULL
2558,ykihk,stinky,NULL
2559,yllssigul,caress,NULL
2560,yllssigul,stroke,NULL
2561,yochlol,handmaiden of lloth,NULL
2562,yol,since,NULL
2563,yorlii'uak,foggy,NULL
2564,yorlii,fog,NULL
2565,yorn,power,NULL
2566,yorn,servant,NULL
2567,yorn,will,NULL
2568,yu'na,bend,NULL
2569,yugho,nice,NULL
2570,yuih,muscles,NULL
2571,yukin'ik,beige,NULL
2572,yukin,orange,NULL
2573,yul,gender,NULL
2574,yulul,prize,NULL
2575,yulun,prizes,NULL
2576,yulurln,prizing,NULL
2577,yuluwyl,prized,NULL
2578,yutreess,intelligent,NULL
2579,yutri,smart,NULL
2580,yutsu',returned,NULL
2581,yutsu,return,NULL
2582,yvalm,bound,NULL
2583,ywrazz,fact,NULL
2584,z'arlathil,natural,NULL
2585,z'arlathilu,naturally,NULL
2586,z'haan,run,NULL
2587,z'haanin,running,NULL
2588,z'har,ride,NULL
2589,z'har,to ride,NULL
2590,z'hin,to walk,NULL
2591,z'hin,walk,NULL
2592,z'hind,expedition,NULL
2593,z'hind,journey,NULL
2594,z'hins,walks,NULL
2595,z'hinus,walked,NULL
2596,z'hren,flow,NULL
2597,z'klaen,must,NULL
2598,z'lonzic,enough,NULL
2599,z'orr,climb,NULL
2600,z'orr,to climb,NULL
2601,z'reninth,believe,NULL
2602,z'reninthin,believing,NULL
2603,z'ress,power,NULL
2604,z'ress,strength,NULL
2605,z'talin,esp,NULL
2606,z'talin,telepathy,NULL
2607,zah'har,suffer,NULL
2608,zahanzai,scouts,NULL
2609,zahanzon,scout,NULL
2610,zahur,courier,NULL
2611,zakath,agony,NULL
2612,zanjur,messenger,NULL
2613,zao,teach,NULL
2614,zaphodiop,horse,NULL
2615,zaphos,sausage,NULL
2616,zaqh,spike,NULL
2617,zarachi'i,phrase,NULL
2618,zasimartek,authority,NULL
2619,zathul,jinx,NULL
2620,zav,clever,NULL
2621,ze'zhuanth,ancient,NULL
2622,zeklet'tau,heaven,NULL
2623,zenphe,chamber,NULL
2624,zenpheir,chambers,NULL
2625,zet,left,NULL
2626,zexen'uma,stay,NULL
2627,zezz,razor,NULL
2628,zha'linth,memory,NULL
2629,zha'trass,boot,NULL
2630,zhah,is,NULL
2631,zhahen,were,NULL
2632,zhahn,then,time
2633,zhahn,past,time
2634,zhahus,was,NULL
2635,zhal'essin,avatar,NULL
2636,zhal'essuk,incarnation,NULL
2637,zhal'la,should,NULL
2638,zhal,shall,NULL
2639,zhas,wild,NULL
2640,zhaun'ol,book,NULL
2641,zhaun'ol,treatise,NULL
2642,zhaun'velkyn,wisp,NULL
2643,zhaun,know,NULL
2644,zhaun,knows,NULL
2645,zhaunau,knew,NULL
2646,zhaunil,knowledge,NULL
2647,zhaunil,wisdom,NULL
2648,zhaunl,knowing,NULL
2649,zhaunus,sure,NULL
2650,zhaunyl,surely,NULL
2651,zhennu,great,NULL
2652,zhlaass,relax,NULL
2653,zhuanth,old,NULL
2654,zif,absolute,NULL
2655,zifreinn,absolutely,NULL
2656,zig,base,NULL
2657,zigh,image,NULL
2658,zighen,imagine,NULL
2659,zik'den'vever,plane,NULL
2660,zik,sharp,NULL
2661,zikegh,sharpest,NULL
2662,zikeir,sharper,NULL
2663,zil,consort,NULL
2664,zilib,consorting,NULL
2665,zirh,fed,NULL
2666,zirn,feed,NULL
2667,zirnra,feeding,NULL
2668,zirnran,feedings,NULL
2669,zith,page,NULL
2670,zithrelar,thousandth,NULL
2671,zjut,elbow,NULL
2672,zjutae,elbows,NULL
2673,zjuttenur,elbowed,NULL
2674,zniee,sincere,NULL
2675,zolarix,painful,NULL
2676,zotreth'mal,striking,NULL
2677,zotreth,hit,NULL
2678,zotreth,punch,NULL
2679,zotreth,strike,NULL
2680,zoxidon,system,NULL
2681,zra'ha,mentor,NULL
2682,zsatelis,newbies,NULL
2683,zu'tour,shut,NULL
2684,zuch,always,NULL
2685,zud'dar,test,NULL
2686,zuel,track,NULL
2687,zuelolb,tracked,NULL
2688,zuelsai,trackers,NULL
2689,zuelsul,tracker,NULL
2690,zuelyi,tracking,NULL
2691,zuess,harrow,NULL
2692,zuesswy,harrowing,NULL
2693,zuneerrh,salvation,NULL
2694,zygul,sharp edged,NULL
2695,zzikhc,smells,NULL
2696,zzil,fur,NULL
2697,n'kampi'un,confuse,NULL
2698,n'kampi'un,confused,NULL
2699,n'saph,dislike,NULL
2700,yatharil,priestess of eilistraee,NULL
